test,gg,gggg
多发点,dfasd,dafs
多发点,dfasd,dafs
多发点,dfasd,dafs
多发点,dfasd,dafs
多发点,dfasd,dafs
多发点,dfasd,dafs
多发点,dfasd,dafs
多发点,dfasd,dafs
多发点,dfasd,dafs
多发点,dfasd,dafs
多发点,dfasd,dafs
多发点,dfasd,dafs
多发点,dfasd,dafs
多发点,dfasd,dafs
多发点,dfasd,dafs
多发点,dfasd,dafs
多发点,dfasd,dafs
多发点,dfasd,dafs
多发点,dfasd,dafs
多发点,dfasd,dafs
多发点,dfasd,dafs
多发点,dfasd,dafs
多发点,dfasd,dafs
多发点,dfasd,dafs
多发点,dfasd,dafs
多发点,dfasd,dafs
多发点,dfasd,dafs
多发点,dfasd,dafs
多发点,dfasd,dafs
多发点,dfasd,dafs
多发点,dfasd,dafs
多发点,dfasd,dafs
多发点,dfasd,dafs
多发点,dfasd,dafs
多发点,dfasd,dafs
多发点,dfasd,dafs
多发点,dfasd,dafs
多发点,dfasd,dafs
多发点,dfasd,dafs
多发点,dfasd,dafs
多发点,dfasd,dafs
多发点,dfasd,dafs
多发点,dfasd,dafs
多发点,dfasd,dafs
多发点,dfasd,dafs
多发点,dfasd,dafs
多发点,dfasd,dafs
多发点,dfasd,dafs
多发点,dfasd,dafs
多发点,dfasd,dafs
多发点,dfasd,dafs
多发点,dfasd,dafs
多发点,dfasd,dafs
多发点,dfasd,dafs
多发点,dfasd,dafs
多发点,dfasd,dafs
多发点,dfasd,dafs
多发点,dfasd,dafs
多发点,dfasd,dafs
多发点,dfasd,dafs
多发点,dfasd,dafs
多发点,dfasd,dafs
多发点,dfasd,dafs
多发点,dfasd,dafs
多发点,dfasd,dafs
多发点,dfasd,dafs
多发点,dfasd,dafs
多发点,dfasd,dafs
多发点,dfasd,dafs
多发点,dfasd,dafs
多发点,dfasd,dafs
多发点,dfasd,dafs
多发点,dfasd,dafs
多发点,dfasd,dafs
多发点,dfasd,dafs
多发点,dfasd,dafs
多发点,dfasd,dafs
多发点,dfasd,dafs
多发点,dfasd,dafs
多发点,dfasd,dafs
多发点,dfasd,dafs
多发点,dfasd,dafs
多发点,dfasd,dafs
多发点,dfasd,dafs
多发点,dfasd,dafs
多发点,dfasd,dafs
多发点,dfasd,dafs
多发点,dfasd,dafs
多发点,dfasd,dafs
多发点,dfasd,dafs
多发点,dfasd,dafs
多发点,dfasd,dafs
多发点,dfasd,dafs
多发点,dfasd,dafs
多发点,dfasd,dafs
多发点,dfasd,dafs
多发点,dfasd,dafs
多发点,dfasd,dafs
多发点,dfasd,dafs
多发点,dfasd,dafs
多发点,dfasd,dafs
多发点,dfasd,dafs
多发点,dfasd,dafs
多发点,dfasd,dafs
多发点,dfasd,dafs
多发点,dfasd,dafs
多发点,dfasd,dafs
多发点,dfasd,dafs
多发点,dfasd,dafs
多发点,dfasd,dafs
多发点,dfasd,dafs
多发点,dfasd,dafs
多发点,dfasd,dafs
多发点,dfasd,dafs
多发点,dfasd,dafs
多发点,dfasd,dafs
多发点,dfasd,dafs
多发点,dfasd,dafs
多发点,dfasd,dafs
多发点,dfasd,dafs
多发点,dfasd,dafs
多发点,dfasd,dafs
多发点,dfasd,dafs
多发点,dfasd,dafs
多发点,dfasd,dafs
多发点,dfasd,dafs
多发点,dfasd,dafs
多发点,dfasd,dafs
多发点,dfasd,dafs
多发点,dfasd,dafs
多发点,dfasd,dafs
多发点,dfasd,dafs
多发点,dfasd,dafs
多发点,dfasd,dafs
多发点,dfasd,dafs
多发点,dfasd,dafs
多发点,dfasd,dafs
多发点,dfasd,dafs
多发点,dfasd,dafs
多发点,dfasd,dafs
多发点,dfasd,dafs
多发点,dfasd,dafs
多发点,dfasd,dafs
多发点,dfasd,dafs
多发点,dfasd,dafs
多发点,dfasd,dafs
多发点,dfasd,dafs
多发点,dfasd,dafs
多发点,dfasd,dafs
多发点,dfasd,dafs
多发点,dfasd,dafs
多发点,dfasd,dafs
多发点,dfasd,dafs
多发点,dfasd,dafs
多发点,dfasd,dafs
多发点,dfasd,dafs
多发点,dfasd,dafs
多发点,dfasd,dafs
多发点,dfasd,dafs
多发点,dfasd,dafs
多发点,dfasd,dafs
多发点,dfasd,dafs
多发点,dfasd,dafs
多发点,dfasd,dafs
多发点,dfasd,dafs
多发点,dfasd,dafs
多发点,dfasd,dafs
多发点,dfasd,dafs
多发点,dfasd,dafs
多发点,dfasd,dafs
多发点,dfasd,dafs
多发点,dfasd,dafs
多发点,dfasd,dafs
多发点,dfasd,dafs
多发点,dfasd,dafs
多发点,dfasd,dafs
多发点,dfasd,dafs
多发点,dfasd,dafs
多发点,dfasd,dafs
多发点,dfasd,dafs
多发点,dfasd,dafs
多发点,dfasd,dafs
多发点,dfasd,dafs
多发点,dfasd,dafs
多发点,dfasd,dafs
多发点,dfasd,dafs
多发点,dfasd,dafs
多发点,dfasd,dafs
多发点,dfasd,dafs
多发点,dfasd,dafs
多发点,dfasd,dafs
多发点,dfasd,dafs
多发点,dfasd,dafs
多发点,dfasd,dafs
多发点,dfasd,dafs
多发点,dfasd,dafs
多发点,dfasd,dafs
多发点,dfasd,dafs
多发点,dfasd,dafs
多发点,dfasd,dafs
多发点,dfasd,dafs
多发点,dfasd,dafs
多发点,dfasd,dafs
多发点,dfasd,dafs
多发点,dfasd,dafs
多发点,dfasd,dafs
多发点,dfasd,dafs
多发点,dfasd,dafs
多发点,dfasd,dafs
多发点,dfasd,dafs
多发点,dfasd,dafs
多发点,dfasd,dafs
多发点,dfasd,dafs
多发点,dfasd,dafs
多发点,dfasd,dafs
多发点,dfasd,dafs
多发点,dfasd,dafs
多发点,dfasd,dafs
多发点,dfasd,dafs
多发点,dfasd,dafs
多发点,dfasd,dafs
多发点,dfasd,dafs
多发点,dfasd,dafs
多发点,dfasd,dafs
多发点,dfasd,dafs
多发点,dfasd,dafs
多发点,dfasd,dafs
多发点,dfasd,dafs
多发点,dfasd,dafs
多发点,dfasd,dafs
多发点,dfasd,dafs
多发点,dfasd,dafs
多发点,dfasd,dafs
多发点,dfasd,dafs
多发点,dfasd,dafs
多发点,dfasd,dafs
多发点,dfasd,dafs
多发点,dfasd,dafs
多发点,dfasd,dafs
多发点,dfasd,dafs
多发点,dfasd,dafs
多发点,dfasd,dafs
多发点,dfasd,dafs
多发点,dfasd,dafs
多发点,dfasd,dafs
多发点,dfasd,dafs
多发点,dfasd,dafs
多发点,dfasd,dafs
多发点,dfasd,dafs
多发点,dfasd,dafs
多发点,dfasd,dafs
多发点,dfasd,dafs
多发点,dfasd,dafs
多发点,dfasd,dafs
多发点,dfasd,dafs
多发点,dfasd,dafs
多发点,dfasd,dafs
多发点,dfasd,dafs
多发点,dfasd,dafs
多发点,dfasd,dafs
多发点,dfasd,dafs
多发点,dfasd,dafs
多发点,dfasd,dafs
多发点,dfasd,dafs
多发点,dfasd,dafs
多发点,dfasd,dafs
多发点,dfasd,dafs
多发点,dfasd,dafs
多发点,dfasd,dafs
多发点,dfasd,dafs
多发点,dfasd,dafs
多发点,dfasd,dafs
多发点,dfasd,dafs
多发点,dfasd,dafs
多发点,dfasd,dafs
多发点,dfasd,dafs
多发点,dfasd,dafs
多发点,dfasd,dafs
多发点,dfasd,dafs
多发点,dfasd,dafs
多发点,dfasd,dafs
多发点,dfasd,dafs
多发点,dfasd,dafs
多发点,dfasd,dafs
多发点,dfasd,dafs
多发点,dfasd,dafs
多发点,dfasd,dafs
多发点,dfasd,dafs
多发点,dfasd,dafs
多发点,dfasd,dafs
多发点,dfasd,dafs
多发点,dfasd,dafs
多发点,dfasd,dafs
多发点,dfasd,dafs
多发点,dfasd,dafs
多发点,dfasd,dafs
多发点,dfasd,dafs
多发点,dfasd,dafs
多发点,dfasd,dafs
多发点,dfasd,dafs
多发点,dfasd,dafs
多发点,dfasd,dafs
多发点,dfasd,dafs
多发点,dfasd,dafs
多发点,dfasd,dafs
多发点,dfasd,dafs
多发点,dfasd,dafs
多发点,dfasd,dafs
多发点,dfasd,dafs
多发点,dfasd,dafs
多发点,dfasd,dafs
多发点,dfasd,dafs
多发点,dfasd,dafs
多发点,dfasd,dafs
多发点,dfasd,dafs
多发点,dfasd,dafs
多发点,dfasd,dafs
多发点,dfasd,dafs
多发点,dfasd,dafs
多发点,dfasd,dafs
多发点,dfasd,dafs
多发点,dfasd,dafs
多发点,dfasd,dafs
多发点,dfasd,dafs
多发点,dfasd,dafs
多发点,dfasd,dafs
多发点,dfasd,dafs
多发点,dfasd,dafs
多发点,dfasd,dafs
多发点,dfasd,dafs
多发点,dfasd,dafs
多发点,dfasd,dafs
多发点,dfasd,dafs
多发点,dfasd,dafs
多发点,dfasd,dafs
多发点,dfasd,dafs
多发点,dfasd,dafs
多发点,dfasd,dafs
多发点,dfasd,dafs
多发点,dfasd,dafs
多发点,dfasd,dafs
多发点,dfasd,dafs
多发点,dfasd,dafs
多发点,dfasd,dafs
多发点,dfasd,dafs
多发点,dfasd,dafs
多发点,dfasd,dafs
多发点,dfasd,dafs
多发点,dfasd,dafs
多发点,dfasd,dafs
多发点,dfasd,dafs
多发点,dfasd,dafs
多发点,dfasd,dafs
多发点,dfasd,dafs
多发点,dfasd,dafs
多发点,dfasd,dafs
多发点,dfasd,dafs
多发点,dfasd,dafs
多发点,dfasd,dafs
多发点,dfasd,dafs
多发点,dfasd,dafs
多发点,dfasd,dafs
多发点,dfasd,dafs
多发点,dfasd,dafs
多发点,dfasd,dafs
多发点,dfasd,dafs
多发点,dfasd,dafs
多发点,dfasd,dafs
多发点,dfasd,dafs
多发点,dfasd,dafs
多发点,dfasd,dafs
多发点,dfasd,dafs
多发点,dfasd,dafs
多发点,dfasd,dafs
多发点,dfasd,dafs
多发点,dfasd,dafs
多发点,dfasd,dafs
多发点,dfasd,dafs
多发点,dfasd,dafs
多发点,dfasd,dafs
多发点,dfasd,dafs
多发点,dfasd,dafs
多发点,dfasd,dafs
多发点,dfasd,dafs
多发点,dfasd,dafs
多发点,dfasd,dafs
多发点,dfasd,dafs
多发点,dfasd,dafs
多发点,dfasd,dafs
多发点,dfasd,dafs
多发点,dfasd,dafs
多发点,dfasd,dafs
多发点,dfasd,dafs
多发点,dfasd,dafs
多发点,dfasd,dafs
多发点,dfasd,dafs
多发点,dfasd,dafs
多发点,dfasd,dafs
多发点,dfasd,dafs
多发点,dfasd,dafs
多发点,dfasd,dafs
多发点,dfasd,dafs
多发点,dfasd,dafs
多发点,dfasd,dafs
多发点,dfasd,dafs
多发点,dfasd,dafs
多发点,dfasd,dafs
多发点,dfasd,dafs
多发点,dfasd,dafs
多发点,dfasd,dafs
多发点,dfasd,dafs
多发点,dfasd,dafs
多发点,dfasd,dafs
多发点,dfasd,dafs
多发点,dfasd,dafs
多发点,dfasd,dafs
多发点,dfasd,dafs
多发点,dfasd,dafs
多发点,dfasd,dafs
多发点,dfasd,dafs
多发点,dfasd,dafs
多发点,dfasd,dafs
多发点,dfasd,dafs
多发点,dfasd,dafs
多发点,dfasd,dafs
多发点,dfasd,dafs
多发点,dfasd,dafs
多发点,dfasd,dafs
多发点,dfasd,dafs
多发点,dfasd,dafs
多发点,dfasd,dafs
多发点,dfasd,dafs
多发点,dfasd,dafs
多发点,dfasd,dafs
多发点,dfasd,dafs
多发点,dfasd,dafs
多发点,dfasd,dafs
多发点,dfasd,dafs
多发点,dfasd,dafs
多发点,dfasd,dafs
多发点,dfasd,dafs
多发点,dfasd,dafs
多发点,dfasd,dafs
多发点,dfasd,dafs
多发点,dfasd,dafs
多发点,dfasd,dafs
多发点,dfasd,dafs
多发点,dfasd,dafs
多发点,dfasd,dafs
多发点,dfasd,dafs
多发点,dfasd,dafs
多发点,dfasd,dafs
多发点,dfasd,dafs
多发点,dfasd,dafs
多发点,dfasd,dafs
多发点,dfasd,dafs
多发点,dfasd,dafs
多发点,dfasd,dafs
多发点,dfasd,dafs
多发点,dfasd,dafs
多发点,dfasd,dafs
多发点,dfasd,dafs
多发点,dfasd,dafs
多发点,dfasd,dafs
多发点,dfasd,dafs
多发点,dfasd,dafs
多发点,dfasd,dafs
多发点,dfasd,dafs
多发点,dfasd,dafs
多发点,dfasd,dafs
多发点,dfasd,dafs
多发点,dfasd,dafs
多发点,dfasd,dafs
多发点,dfasd,dafs
多发点,dfasd,dafs
多发点,dfasd,dafs
多发点,dfasd,dafs
多发点,dfasd,dafs
多发点,dfasd,dafs
多发点,dfasd,dafs
多发点,dfasd,dafs
多发点,dfasd,dafs
多发点,dfasd,dafs
多发点,dfasd,dafs
多发点,dfasd,dafs
多发点,dfasd,dafs
多发点,dfasd,dafs
多发点,dfasd,dafs
多发点,dfasd,dafs
多发点,dfasd,dafs
多发点,dfasd,dafs
多发点,dfasd,dafs
多发点,dfasd,dafs
多发点,dfasd,dafs
多发点,dfasd,dafs
多发点,dfasd,dafs
多发点,dfasd,dafs
多发点,dfasd,dafs
多发点,dfasd,dafs
多发点,dfasd,dafs
多发点,dfasd,dafs
多发点,dfasd,dafs
多发点,dfasd,dafs
多发点,dfasd,dafs
多发点,dfasd,dafs
多发点,dfasd,dafs
多发点,dfasd,dafs
多发点,dfasd,dafs
多发点,dfasd,dafs
多发点,dfasd,dafs
多发点,dfasd,dafs
多发点,dfasd,dafs
多发点,dfasd,dafs
多发点,dfasd,dafs
多发点,dfasd,dafs
多发点,dfasd,dafs
多发点,dfasd,dafs
多发点,dfasd,dafs
多发点,dfasd,dafs
多发点,dfasd,dafs
多发点,dfasd,dafs
多发点,dfasd,dafs
多发点,dfasd,dafs
多发点,dfasd,dafs
多发点,dfasd,dafs
多发点,dfasd,dafs
多发点,dfasd,dafs
多发点,dfasd,dafs
多发点,dfasd,dafs
多发点,dfasd,dafs
多发点,dfasd,dafs
多发点,dfasd,dafs
多发点,dfasd,dafs
多发点,dfasd,dafs
多发点,dfasd,dafs
多发点,dfasd,dafs
多发点,dfasd,dafs
多发点,dfasd,dafs
多发点,dfasd,dafs
多发点,dfasd,dafs
多发点,dfasd,dafs
多发点,dfasd,dafs
多发点,dfasd,dafs
多发点,dfasd,dafs
多发点,dfasd,dafs
多发点,dfasd,dafs
多发点,dfasd,dafs
多发点,dfasd,dafs
多发点,dfasd,dafs
多发点,dfasd,dafs
多发点,dfasd,dafs
多发点,dfasd,dafs
多发点,dfasd,dafs
多发点,dfasd,dafs
多发点,dfasd,dafs
多发点,dfasd,dafs
多发点,dfasd,dafs
多发点,dfasd,dafs
多发点,dfasd,dafs
多发点,dfasd,dafs
多发点,dfasd,dafs
多发点,dfasd,dafs
多发点,dfasd,dafs
多发点,dfasd,dafs
多发点,dfasd,dafs
多发点,dfasd,dafs
多发点,dfasd,dafs
多发点,dfasd,dafs
多发点,dfasd,dafs
多发点,dfasd,dafs
多发点,dfasd,dafs
多发点,dfasd,dafs
多发点,dfasd,dafs
多发点,dfasd,dafs
多发点,dfasd,dafs
多发点,dfasd,dafs
多发点,dfasd,dafs
多发点,dfasd,dafs
多发点,dfasd,dafs
多发点,dfasd,dafs
多发点,dfasd,dafs
多发点,dfasd,dafs
多发点,dfasd,dafs
多发点,dfasd,dafs
多发点,dfasd,dafs
多发点,dfasd,dafs
多发点,dfasd,dafs
多发点,dfasd,dafs
多发点,dfasd,dafs
多发点,dfasd,dafs
多发点,dfasd,dafs
多发点,dfasd,dafs
多发点,dfasd,dafs
多发点,dfasd,dafs
多发点,dfasd,dafs
多发点,dfasd,dafs
多发点,dfasd,dafs
多发点,dfasd,dafs
多发点,dfasd,dafs
多发点,dfasd,dafs
多发点,dfasd,dafs
多发点,dfasd,dafs
多发点,dfasd,dafs
多发点,dfasd,dafs
多发点,dfasd,dafs
多发点,dfasd,dafs
多发点,dfasd,dafs
多发点,dfasd,dafs
多发点,dfasd,dafs
多发点,dfasd,dafs
多发点,dfasd,dafs
多发点,dfasd,dafs
多发点,dfasd,dafs
多发点,dfasd,dafs
多发点,dfasd,dafs
多发点,dfasd,dafs
多发点,dfasd,dafs
多发点,dfasd,dafs
多发点,dfasd,dafs
多发点,dfasd,dafs
多发点,dfasd,dafs
多发点,dfasd,dafs
多发点,dfasd,dafs
多发点,dfasd,dafs
多发点,dfasd,dafs
多发点,dfasd,dafs
多发点,dfasd,dafs
多发点,dfasd,dafs
多发点,dfasd,dafs
多发点,dfasd,dafs
多发点,dfasd,dafs
多发点,dfasd,dafs
多发点,dfasd,dafs
多发点,dfasd,dafs
多发点,dfasd,dafs
多发点,dfasd,dafs
多发点,dfasd,dafs
多发点,dfasd,dafs
多发点,dfasd,dafs
多发点,dfasd,dafs
多发点,dfasd,dafs
多发点,dfasd,dafs
多发点,dfasd,dafs
多发点,dfasd,dafs
多发点,dfasd,dafs
多发点,dfasd,dafs
多发点,dfasd,dafs
多发点,dfasd,dafs
多发点,dfasd,dafs
多发点,dfasd,dafs
多发点,dfasd,dafs
多发点,dfasd,dafs
多发点,dfasd,dafs
多发点,dfasd,dafs
多发点,dfasd,dafs
多发点,dfasd,dafs
多发点,dfasd,dafs
多发点,dfasd,dafs
多发点,dfasd,dafs
多发点,dfasd,dafs
多发点,dfasd,dafs
多发点,dfasd,dafs
多发点,dfasd,dafs
多发点,dfasd,dafs
多发点,dfasd,dafs
多发点,dfasd,dafs
多发点,dfasd,dafs
多发点,dfasd,dafs
多发点,dfasd,dafs
多发点,dfasd,dafs
多发点,dfasd,dafs
多发点,dfasd,dafs
多发点,dfasd,dafs
多发点,dfasd,dafs
多发点,dfasd,dafs
多发点,dfasd,dafs
多发点,dfasd,dafs
多发点,dfasd,dafs
多发点,dfasd,dafs
多发点,dfasd,dafs
多发点,dfasd,dafs
多发点,dfasd,dafs
多发点,dfasd,dafs
多发点,dfasd,dafs
多发点,dfasd,dafs
多发点,dfasd,dafs
多发点,dfasd,dafs
多发点,dfasd,dafs
多发点,dfasd,dafs
多发点,dfasd,dafs
多发点,dfasd,dafs
多发点,dfasd,dafs
多发点,dfasd,dafs
多发点,dfasd,dafs
多发点,dfasd,dafs
多发点,dfasd,dafs
多发点,dfasd,dafs
多发点,dfasd,dafs
多发点,dfasd,dafs
多发点,dfasd,dafs
多发点,dfasd,dafs
多发点,dfasd,dafs
多发点,dfasd,dafs
多发点,dfasd,dafs
多发点,dfasd,dafs
多发点,dfasd,dafs
多发点,dfasd,dafs
多发点,dfasd,dafs
多发点,dfasd,dafs
多发点,dfasd,dafs
多发点,dfasd,dafs
多发点,dfasd,dafs
多发点,dfasd,dafs
多发点,dfasd,dafs
多发点,dfasd,dafs
多发点,dfasd,dafs
多发点,dfasd,dafs
多发点,dfasd,dafs
多发点,dfasd,dafs
多发点,dfasd,dafs
多发点,dfasd,dafs
多发点,dfasd,dafs
多发点,dfasd,dafs
多发点,dfasd,dafs
多发点,dfasd,dafs
多发点,dfasd,dafs
多发点,dfasd,dafs
多发点,dfasd,dafs
多发点,dfasd,dafs
多发点,dfasd,dafs
多发点,dfasd,dafs
多发点,dfasd,dafs
多发点,dfasd,dafs
多发点,dfasd,dafs
多发点,dfasd,dafs
多发点,dfasd,dafs
多发点,dfasd,dafs
多发点,dfasd,dafs
多发点,dfasd,dafs
多发点,dfasd,dafs
多发点,dfasd,dafs
多发点,dfasd,dafs
多发点,dfasd,dafs
多发点,dfasd,dafs
多发点,dfasd,dafs
多发点,dfasd,dafs
多发点,dfasd,dafs
多发点,dfasd,dafs
多发点,dfasd,dafs
多发点,dfasd,dafs
多发点,dfasd,dafs
多发点,dfasd,dafs
多发点,dfasd,dafs
多发点,dfasd,dafs
多发点,dfasd,dafs
多发点,dfasd,dafs
多发点,dfasd,dafs
多发点,dfasd,dafs
多发点,dfasd,dafs
多发点,dfasd,dafs
多发点,dfasd,dafs
多发点,dfasd,dafs
多发点,dfasd,dafs
多发点,dfasd,dafs
多发点,dfasd,dafs
多发点,dfasd,dafs
多发点,dfasd,dafs
多发点,dfasd,dafs
多发点,dfasd,dafs
多发点,dfasd,dafs
多发点,dfasd,dafs
多发点,dfasd,dafs
多发点,dfasd,dafs
多发点,dfasd,dafs
多发点,dfasd,dafs
多发点,dfasd,dafs
多发点,dfasd,dafs
多发点,dfasd,dafs
多发点,dfasd,dafs
多发点,dfasd,dafs
多发点,dfasd,dafs
多发点,dfasd,dafs
多发点,dfasd,dafs
多发点,dfasd,dafs
多发点,dfasd,dafs
多发点,dfasd,dafs
多发点,dfasd,dafs
多发点,dfasd,dafs
多发点,dfasd,dafs
多发点,dfasd,dafs
多发点,dfasd,dafs
多发点,dfasd,dafs
多发点,dfasd,dafs
多发点,dfasd,dafs
多发点,dfasd,dafs
多发点,dfasd,dafs
多发点,dfasd,dafs
多发点,dfasd,dafs
多发点,dfasd,dafs
多发点,dfasd,dafs
多发点,dfasd,dafs
多发点,dfasd,dafs
多发点,dfasd,dafs
多发点,dfasd,dafs
多发点,dfasd,dafs
多发点,dfasd,dafs
多发点,dfasd,dafs
多发点,dfasd,dafs
多发点,dfasd,dafs
多发点,dfasd,dafs
多发点,dfasd,dafs
多发点,dfasd,dafs
多发点,dfasd,dafs
多发点,dfasd,dafs
多发点,dfasd,dafs
多发点,dfasd,dafs
多发点,dfasd,dafs
多发点,dfasd,dafs
多发点,dfasd,dafs
多发点,dfasd,dafs
多发点,dfasd,dafs
多发点,dfasd,dafs
多发点,dfasd,dafs
多发点,dfasd,dafs
多发点,dfasd,dafs
多发点,dfasd,dafs
多发点,dfasd,dafs
多发点,dfasd,dafs
多发点,dfasd,dafs
多发点,dfasd,dafs
多发点,dfasd,dafs
多发点,dfasd,dafs
多发点,dfasd,dafs
多发点,dfasd,dafs
多发点,dfasd,dafs
多发点,dfasd,dafs
多发点,dfasd,dafs
多发点,dfasd,dafs
多发点,dfasd,dafs
多发点,dfasd,dafs
多发点,dfasd,dafs
多发点,dfasd,dafs
多发点,dfasd,dafs
多发点,dfasd,dafs
多发点,dfasd,dafs
多发点,dfasd,dafs
多发点,dfasd,dafs
多发点,dfasd,dafs
多发点,dfasd,dafs
多发点,dfasd,dafs
多发点,dfasd,dafs
多发点,dfasd,dafs
多发点,dfasd,dafs
多发点,dfasd,dafs
多发点,dfasd,dafs
多发点,dfasd,dafs
多发点,dfasd,dafs
多发点,dfasd,dafs
多发点,dfasd,dafs
多发点,dfasd,dafs
多发点,dfasd,dafs
多发点,dfasd,dafs
多发点,dfasd,dafs
多发点,dfasd,dafs
多发点,dfasd,dafs
多发点,dfasd,dafs
多发点,dfasd,dafs
多发点,dfasd,dafs
多发点,dfasd,dafs
多发点,dfasd,dafs
多发点,dfasd,dafs
多发点,dfasd,dafs
多发点,dfasd,dafs
多发点,dfasd,dafs
多发点,dfasd,dafs
多发点,dfasd,dafs
多发点,dfasd,dafs
多发点,dfasd,dafs
多发点,dfasd,dafs
多发点,dfasd,dafs
多发点,dfasd,dafs
多发点,dfasd,dafs
多发点,dfasd,dafs
多发点,dfasd,dafs
多发点,dfasd,dafs
多发点,dfasd,dafs
多发点,dfasd,dafs
多发点,dfasd,dafs
多发点,dfasd,dafs
多发点,dfasd,dafs
多发点,dfasd,dafs
多发点,dfasd,dafs
多发点,dfasd,dafs
多发点,dfasd,dafs
多发点,dfasd,dafs
多发点,dfasd,dafs
多发点,dfasd,dafs
多发点,dfasd,dafs
多发点,dfasd,dafs
多发点,dfasd,dafs
多发点,dfasd,dafs
多发点,dfasd,dafs
多发点,dfasd,dafs
多发点,dfasd,dafs
多发点,dfasd,dafs
多发点,dfasd,dafs
多发点,dfasd,dafs
多发点,dfasd,dafs
多发点,dfasd,dafs
多发点,dfasd,dafs
多发点,dfasd,dafs
多发点,dfasd,dafs
多发点,dfasd,dafs
多发点,dfasd,dafs
多发点,dfasd,dafs
多发点,dfasd,dafs
多发点,dfasd,dafs
多发点,dfasd,dafs
多发点,dfasd,dafs
多发点,dfasd,dafs
多发点,dfasd,dafs
多发点,dfasd,dafs
多发点,dfasd,dafs
多发点,dfasd,dafs
多发点,dfasd,dafs
多发点,dfasd,dafs
多发点,dfasd,dafs
多发点,dfasd,dafs
多发点,dfasd,dafs
多发点,dfasd,dafs
多发点,dfasd,dafs
多发点,dfasd,dafs
多发点,dfasd,dafs
多发点,dfasd,dafs
多发点,dfasd,dafs
多发点,dfasd,dafs
多发点,dfasd,dafs
多发点,dfasd,dafs
多发点,dfasd,dafs
多发点,dfasd,dafs
多发点,dfasd,dafs
多发点,dfasd,dafs
多发点,dfasd,dafs
多发点,dfasd,dafs
多发点,dfasd,dafs
多发点,dfasd,dafs
多发点,dfasd,dafs
多发点,dfasd,dafs
多发点,dfasd,dafs
多发点,dfasd,dafs
多发点,dfasd,dafs
多发点,dfasd,dafs
多发点,dfasd,dafs
多发点,dfasd,dafs
多发点,dfasd,dafs
多发点,dfasd,dafs
多发点,dfasd,dafs
多发点,dfasd,dafs
多发点,dfasd,dafs
多发点,dfasd,dafs
多发点,dfasd,dafs
多发点,dfasd,dafs
多发点,dfasd,dafs
多发点,dfasd,dafs
多发点,dfasd,dafs
多发点,dfasd,dafs
多发点,dfasd,dafs
多发点,dfasd,dafs
多发点,dfasd,dafs
多发点,dfasd,dafs
多发点,dfasd,dafs
多发点,dfasd,dafs
多发点,dfasd,dafs
多发点,dfasd,dafs
多发点,dfasd,dafs
多发点,dfasd,dafs
多发点,dfasd,dafs
多发点,dfasd,dafs
多发点,dfasd,dafs
多发点,dfasd,dafs
多发点,dfasd,dafs
多发点,dfasd,dafs
多发点,dfasd,dafs
多发点,dfasd,dafs
多发点,dfasd,dafs
多发点,dfasd,dafs
多发点,dfasd,dafs
多发点,dfasd,dafs
多发点,dfasd,dafs
多发点,dfasd,dafs
多发点,dfasd,dafs
多发点,dfasd,dafs
多发点,dfasd,dafs
多发点,dfasd,dafs
多发点,dfasd,dafs
多发点,dfasd,dafs
多发点,dfasd,dafs
多发点,dfasd,dafs
多发点,dfasd,dafs
多发点,dfasd,dafs
多发点,dfasd,dafs
多发点,dfasd,dafs
多发点,dfasd,dafs
多发点,dfasd,dafs
多发点,dfasd,dafs
多发点,dfasd,dafs
多发点,dfasd,dafs
多发点,dfasd,dafs
多发点,dfasd,dafs
多发点,dfasd,dafs
多发点,dfasd,dafs
多发点,dfasd,dafs
多发点,dfasd,dafs
多发点,dfasd,dafs
多发点,dfasd,dafs
多发点,dfasd,dafs
多发点,dfasd,dafs
多发点,dfasd,dafs
多发点,dfasd,dafs
多发点,dfasd,dafs
多发点,dfasd,dafs
多发点,dfasd,dafs
多发点,dfasd,dafs
多发点,dfasd,dafs
多发点,dfasd,dafs
多发点,dfasd,dafs
多发点,dfasd,dafs
多发点,dfasd,dafs
多发点,dfasd,dafs
多发点,dfasd,dafs
多发点,dfasd,dafs
多发点,dfasd,dafs
多发点,dfasd,dafs
多发点,dfasd,dafs
多发点,dfasd,dafs
多发点,dfasd,dafs
多发点,dfasd,dafs
多发点,dfasd,dafs
多发点,dfasd,dafs
多发点,dfasd,dafs
多发点,dfasd,dafs
多发点,dfasd,dafs
多发点,dfasd,dafs
多发点,dfasd,dafs
多发点,dfasd,dafs
多发点,dfasd,dafs
多发点,dfasd,dafs
多发点,dfasd,dafs
多发点,dfasd,dafs
多发点,dfasd,dafs
多发点,dfasd,dafs
多发点,dfasd,dafs
多发点,dfasd,dafs
多发点,dfasd,dafs
多发点,dfasd,dafs
多发点,dfasd,dafs
多发点,dfasd,dafs
多发点,dfasd,dafs
多发点,dfasd,dafs
多发点,dfasd,dafs
多发点,dfasd,dafs
多发点,dfasd,dafs
多发点,dfasd,dafs
多发点,dfasd,dafs
多发点,dfasd,dafs
多发点,dfasd,dafs
多发点,dfasd,dafs
多发点,dfasd,dafs
多发点,dfasd,dafs
多发点,dfasd,dafs
多发点,dfasd,dafs
多发点,dfasd,dafs
多发点,dfasd,dafs
多发点,dfasd,dafs
多发点,dfasd,dafs
多发点,dfasd,dafs
多发点,dfasd,dafs
多发点,dfasd,dafs
多发点,dfasd,dafs
多发点,dfasd,dafs
多发点,dfasd,dafs
多发点,dfasd,dafs
多发点,dfasd,dafs
多发点,dfasd,dafs
多发点,dfasd,dafs
多发点,dfasd,dafs
多发点,dfasd,dafs
多发点,dfasd,dafs
多发点,dfasd,dafs
多发点,dfasd,dafs
多发点,dfasd,dafs
多发点,dfasd,dafs
多发点,dfasd,dafs
多发点,dfasd,dafs
多发点,dfasd,dafs
多发点,dfasd,dafs
多发点,dfasd,dafs
多发点,dfasd,dafs
多发点,dfasd,dafs
多发点,dfasd,dafs
多发点,dfasd,dafs
多发点,dfasd,dafs
多发点,dfasd,dafs
多发点,dfasd,dafs
多发点,dfasd,dafs
多发点,dfasd,dafs
多发点,dfasd,dafs
多发点,dfasd,dafs
多发点,dfasd,dafs
多发点,dfasd,dafs
多发点,dfasd,dafs
多发点,dfasd,dafs
多发点,dfasd,dafs
多发点,dfasd,dafs
多发点,dfasd,dafs
多发点,dfasd,dafs
多发点,dfasd,dafs
多发点,dfasd,dafs
多发点,dfasd,dafs
多发点,dfasd,dafs
多发点,dfasd,dafs
多发点,dfasd,dafs
多发点,dfasd,dafs
多发点,dfasd,dafs
多发点,dfasd,dafs
多发点,dfasd,dafs
多发点,dfasd,dafs
多发点,dfasd,dafs
多发点,dfasd,dafs
多发点,dfasd,dafs
多发点,dfasd,dafs
多发点,dfasd,dafs
多发点,dfasd,dafs
多发点,dfasd,dafs
多发点,dfasd,dafs
多发点,dfasd,dafs
多发点,dfasd,dafs
多发点,dfasd,dafs
多发点,dfasd,dafs
多发点,dfasd,dafs
多发点,dfasd,dafs
多发点,dfasd,dafs
多发点,dfasd,dafs
多发点,dfasd,dafs
多发点,dfasd,dafs
多发点,dfasd,dafs
多发点,dfasd,dafs
多发点,dfasd,dafs
多发点,dfasd,dafs
多发点,dfasd,dafs
多发点,dfasd,dafs
多发点,dfasd,dafs
多发点,dfasd,dafs
多发点,dfasd,dafs
多发点,dfasd,dafs
多发点,dfasd,dafs
多发点,dfasd,dafs
多发点,dfasd,dafs
多发点,dfasd,dafs
多发点,dfasd,dafs
多发点,dfasd,dafs
多发点,dfasd,dafs
多发点,dfasd,dafs
多发点,dfasd,dafs
多发点,dfasd,dafs
多发点,dfasd,dafs
多发点,dfasd,dafs
多发点,dfasd,dafs
多发点,dfasd,dafs
多发点,dfasd,dafs
多发点,dfasd,dafs
多发点,dfasd,dafs
多发点,dfasd,dafs
多发点,dfasd,dafs
多发点,dfasd,dafs
多发点,dfasd,dafs
多发点,dfasd,dafs
多发点,dfasd,dafs
多发点,dfasd,dafs
多发点,dfasd,dafs
多发点,dfasd,dafs
多发点,dfasd,dafs
多发点,dfasd,dafs
多发点,dfasd,dafs
多发点,dfasd,dafs
多发点,dfasd,dafs
多发点,dfasd,dafs
多发点,dfasd,dafs
多发点,dfasd,dafs
多发点,dfasd,dafs
多发点,dfasd,dafs
多发点,dfasd,dafs
多发点,dfasd,dafs
多发点,dfasd,dafs
多发点,dfasd,dafs
多发点,dfasd,dafs
多发点,dfasd,dafs
多发点,dfasd,dafs
多发点,dfasd,dafs
多发点,dfasd,dafs
多发点,dfasd,dafs
多发点,dfasd,dafs
多发点,dfasd,dafs
多发点,dfasd,dafs
多发点,dfasd,dafs
多发点,dfasd,dafs
多发点,dfasd,dafs
多发点,dfasd,dafs
多发点,dfasd,dafs
多发点,dfasd,dafs
多发点,dfasd,dafs
多发点,dfasd,dafs
多发点,dfasd,dafs
多发点,dfasd,dafs
多发点,dfasd,dafs
多发点,dfasd,dafs
多发点,dfasd,dafs
多发点,dfasd,dafs
多发点,dfasd,dafs
多发点,dfasd,dafs
多发点,dfasd,dafs
多发点,dfasd,dafs
多发点,dfasd,dafs
多发点,dfasd,dafs
多发点,dfasd,dafs
多发点,dfasd,dafs
多发点,dfasd,dafs
多发点,dfasd,dafs
多发点,dfasd,dafs
多发点,dfasd,dafs
多发点,dfasd,dafs
多发点,dfasd,dafs
多发点,dfasd,dafs
多发点,dfasd,dafs
多发点,dfasd,dafs
多发点,dfasd,dafs
多发点,dfasd,dafs
多发点,dfasd,dafs
多发点,dfasd,dafs
多发点,dfasd,dafs
多发点,dfasd,dafs
多发点,dfasd,dafs
多发点,dfasd,dafs
多发点,dfasd,dafs
多发点,dfasd,dafs
多发点,dfasd,dafs
多发点,dfasd,dafs
多发点,dfasd,dafs
多发点,dfasd,dafs
多发点,dfasd,dafs
多发点,dfasd,dafs
多发点,dfasd,dafs
多发点,dfasd,dafs
多发点,dfasd,dafs
多发点,dfasd,dafs
多发点,dfasd,dafs
多发点,dfasd,dafs
多发点,dfasd,dafs
多发点,dfasd,dafs
多发点,dfasd,dafs
多发点,dfasd,dafs
多发点,dfasd,dafs
多发点,dfasd,dafs
多发点,dfasd,dafs
多发点,dfasd,dafs
多发点,dfasd,dafs
多发点,dfasd,dafs
多发点,dfasd,dafs
多发点,dfasd,dafs
多发点,dfasd,dafs
多发点,dfasd,dafs
多发点,dfasd,dafs
多发点,dfasd,dafs
多发点,dfasd,dafs
多发点,dfasd,dafs
多发点,dfasd,dafs
多发点,dfasd,dafs
多发点,dfasd,dafs
多发点,dfasd,dafs
多发点,dfasd,dafs
多发点,dfasd,dafs
多发点,dfasd,dafs
多发点,dfasd,dafs
多发点,dfasd,dafs
多发点,dfasd,dafs
多发点,dfasd,dafs
多发点,dfasd,dafs
多发点,dfasd,dafs
多发点,dfasd,dafs
多发点,dfasd,dafs
多发点,dfasd,dafs
多发点,dfasd,dafs
多发点,dfasd,dafs
多发点,dfasd,dafs
多发点,dfasd,dafs
多发点,dfasd,dafs
多发点,dfasd,dafs
多发点,dfasd,dafs
多发点,dfasd,dafs
多发点,dfasd,dafs
多发点,dfasd,dafs
多发点,dfasd,dafs
多发点,dfasd,dafs
多发点,dfasd,dafs
多发点,dfasd,dafs
多发点,dfasd,dafs
多发点,dfasd,dafs
多发点,dfasd,dafs
多发点,dfasd,dafs
多发点,dfasd,dafs
多发点,dfasd,dafs
多发点,dfasd,dafs
多发点,dfasd,dafs
多发点,dfasd,dafs
多发点,dfasd,dafs
多发点,dfasd,dafs
多发点,dfasd,dafs
多发点,dfasd,dafs
多发点,dfasd,dafs
多发点,dfasd,dafs
多发点,dfasd,dafs
多发点,dfasd,dafs
多发点,dfasd,dafs
多发点,dfasd,dafs
多发点,dfasd,dafs
多发点,dfasd,dafs
多发点,dfasd,dafs
多发点,dfasd,dafs
多发点,dfasd,dafs
多发点,dfasd,dafs
多发点,dfasd,dafs
多发点,dfasd,dafs
多发点,dfasd,dafs
多发点,dfasd,dafs
多发点,dfasd,dafs
多发点,dfasd,dafs
多发点,dfasd,dafs
多发点,dfasd,dafs
多发点,dfasd,dafs
多发点,dfasd,dafs
多发点,dfasd,dafs
多发点,dfasd,dafs
多发点,dfasd,dafs
多发点,dfasd,dafs
多发点,dfasd,dafs
多发点,dfasd,dafs
多发点,dfasd,dafs
多发点,dfasd,dafs
多发点,dfasd,dafs
多发点,dfasd,dafs
多发点,dfasd,dafs
多发点,dfasd,dafs
多发点,dfasd,dafs
多发点,dfasd,dafs
多发点,dfasd,dafs
多发点,dfasd,dafs
多发点,dfasd,dafs
多发点,dfasd,dafs
多发点,dfasd,dafs
多发点,dfasd,dafs
多发点,dfasd,dafs
多发点,dfasd,dafs
多发点,dfasd,dafs
多发点,dfasd,dafs
多发点,dfasd,dafs
多发点,dfasd,dafs
多发点,dfasd,dafs
多发点,dfasd,dafs
多发点,dfasd,dafs
多发点,dfasd,dafs
多发点,dfasd,dafs
多发点,dfasd,dafs
多发点,dfasd,dafs
多发点,dfasd,dafs
多发点,dfasd,dafs
多发点,dfasd,dafs
多发点,dfasd,dafs
多发点,dfasd,dafs
多发点,dfasd,dafs
多发点,dfasd,dafs
多发点,dfasd,dafs
多发点,dfasd,dafs
多发点,dfasd,dafs
多发点,dfasd,dafs
多发点,dfasd,dafs
多发点,dfasd,dafs
多发点,dfasd,dafs
多发点,dfasd,dafs
多发点,dfasd,dafs
多发点,dfasd,dafs
多发点,dfasd,dafs
多发点,dfasd,dafs
多发点,dfasd,dafs
多发点,dfasd,dafs
多发点,dfasd,dafs
多发点,dfasd,dafs
多发点,dfasd,dafs
多发点,dfasd,dafs
多发点,dfasd,dafs
多发点,dfasd,dafs
多发点,dfasd,dafs
多发点,dfasd,dafs
多发点,dfasd,dafs
多发点,dfasd,dafs
多发点,dfasd,dafs
多发点,dfasd,dafs
多发点,dfasd,dafs
多发点,dfasd,dafs
多发点,dfasd,dafs
多发点,dfasd,dafs
多发点,dfasd,dafs
多发点,dfasd,dafs
多发点,dfasd,dafs
多发点,dfasd,dafs
多发点,dfasd,dafs
多发点,dfasd,dafs
多发点,dfasd,dafs
多发点,dfasd,dafs
多发点,dfasd,dafs
多发点,dfasd,dafs
多发点,dfasd,dafs
多发点,dfasd,dafs
多发点,dfasd,dafs
多发点,dfasd,dafs
多发点,dfasd,dafs
多发点,dfasd,dafs
多发点,dfasd,dafs
多发点,dfasd,dafs
多发点,dfasd,dafs
多发点,dfasd,dafs
多发点,dfasd,dafs
多发点,dfasd,dafs
多发点,dfasd,dafs
多发点,dfasd,dafs
多发点,dfasd,dafs
多发点,dfasd,dafs
多发点,dfasd,dafs
多发点,dfasd,dafs
多发点,dfasd,dafs
多发点,dfasd,dafs
多发点,dfasd,dafs
多发点,dfasd,dafs
多发点,dfasd,dafs
多发点,dfasd,dafs
多发点,dfasd,dafs
多发点,dfasd,dafs
多发点,dfasd,dafs
多发点,dfasd,dafs
多发点,dfasd,dafs
多发点,dfasd,dafs
多发点,dfasd,dafs
多发点,dfasd,dafs
多发点,dfasd,dafs
多发点,dfasd,dafs
多发点,dfasd,dafs
多发点,dfasd,dafs
多发点,dfasd,dafs
多发点,dfasd,dafs
多发点,dfasd,dafs
多发点,dfasd,dafs
多发点,dfasd,dafs
多发点,dfasd,dafs
多发点,dfasd,dafs
多发点,dfasd,dafs
多发点,dfasd,dafs
多发点,dfasd,dafs
多发点,dfasd,dafs
多发点,dfasd,dafs
多发点,dfasd,dafs
多发点,dfasd,dafs
多发点,dfasd,dafs
多发点,dfasd,dafs
多发点,dfasd,dafs
多发点,dfasd,dafs
多发点,dfasd,dafs
多发点,dfasd,dafs
多发点,dfasd,dafs
多发点,dfasd,dafs
多发点,dfasd,dafs
多发点,dfasd,dafs
多发点,dfasd,dafs
多发点,dfasd,dafs
多发点,dfasd,dafs
多发点,dfasd,dafs
多发点,dfasd,dafs
多发点,dfasd,dafs
多发点,dfasd,dafs
多发点,dfasd,dafs
多发点,dfasd,dafs
多发点,dfasd,dafs
多发点,dfasd,dafs
多发点,dfasd,dafs
多发点,dfasd,dafs
多发点,dfasd,dafs
多发点,dfasd,dafs
多发点,dfasd,dafs
多发点,dfasd,dafs
多发点,dfasd,dafs
多发点,dfasd,dafs
多发点,dfasd,dafs
多发点,dfasd,dafs
多发点,dfasd,dafs
多发点,dfasd,dafs
多发点,dfasd,dafs
多发点,dfasd,dafs
多发点,dfasd,dafs
多发点,dfasd,dafs
多发点,dfasd,dafs
多发点,dfasd,dafs
多发点,dfasd,dafs
多发点,dfasd,dafs
多发点,dfasd,dafs
多发点,dfasd,dafs
多发点,dfasd,dafs
多发点,dfasd,dafs
多发点,dfasd,dafs
多发点,dfasd,dafs
多发点,dfasd,dafs
多发点,dfasd,dafs
多发点,dfasd,dafs
多发点,dfasd,dafs
多发点,dfasd,dafs
多发点,dfasd,dafs
多发点,dfasd,dafs
多发点,dfasd,dafs
多发点,dfasd,dafs
多发点,dfasd,dafs
多发点,dfasd,dafs
多发点,dfasd,dafs
多发点,dfasd,dafs
多发点,dfasd,dafs
多发点,dfasd,dafs
多发点,dfasd,dafs
多发点,dfasd,dafs
多发点,dfasd,dafs
多发点,dfasd,dafs
多发点,dfasd,dafs
多发点,dfasd,dafs
多发点,dfasd,dafs
多发点,dfasd,dafs
多发点,dfasd,dafs
多发点,dfasd,dafs
多发点,dfasd,dafs
多发点,dfasd,dafs
多发点,dfasd,dafs
多发点,dfasd,dafs
多发点,dfasd,dafs
多发点,dfasd,dafs
多发点,dfasd,dafs
多发点,dfasd,dafs
多发点,dfasd,dafs
多发点,dfasd,dafs
多发点,dfasd,dafs
多发点,dfasd,dafs
多发点,dfasd,dafs
多发点,dfasd,dafs
多发点,dfasd,dafs
多发点,dfasd,dafs
多发点,dfasd,dafs
多发点,dfasd,dafs
多发点,dfasd,dafs
多发点,dfasd,dafs
多发点,dfasd,dafs
多发点,dfasd,dafs
多发点,dfasd,dafs
多发点,dfasd,dafs
多发点,dfasd,dafs
多发点,dfasd,dafs
多发点,dfasd,dafs
多发点,dfasd,dafs
多发点,dfasd,dafs
多发点,dfasd,dafs
多发点,dfasd,dafs
多发点,dfasd,dafs
多发点,dfasd,dafs
多发点,dfasd,dafs
多发点,dfasd,dafs
多发点,dfasd,dafs
多发点,dfasd,dafs
多发点,dfasd,dafs
多发点,dfasd,dafs
多发点,dfasd,dafs
多发点,dfasd,dafs
多发点,dfasd,dafs
多发点,dfasd,dafs
多发点,dfasd,dafs
多发点,dfasd,dafs
多发点,dfasd,dafs
多发点,dfasd,dafs
多发点,dfasd,dafs
多发点,dfasd,dafs
多发点,dfasd,dafs
多发点,dfasd,dafs
多发点,dfasd,dafs
多发点,dfasd,dafs
多发点,dfasd,dafs
多发点,dfasd,dafs
多发点,dfasd,dafs
多发点,dfasd,dafs
多发点,dfasd,dafs
多发点,dfasd,dafs
多发点,dfasd,dafs
多发点,dfasd,dafs
多发点,dfasd,dafs
多发点,dfasd,dafs
多发点,dfasd,dafs
多发点,dfasd,dafs
多发点,dfasd,dafs
多发点,dfasd,dafs
多发点,dfasd,dafs
多发点,dfasd,dafs
多发点,dfasd,dafs
多发点,dfasd,dafs
多发点,dfasd,dafs
多发点,dfasd,dafs
多发点,dfasd,dafs
多发点,dfasd,dafs
多发点,dfasd,dafs
多发点,dfasd,dafs
多发点,dfasd,dafs
多发点,dfasd,dafs
多发点,dfasd,dafs
多发点,dfasd,dafs
多发点,dfasd,dafs
多发点,dfasd,dafs
多发点,dfasd,dafs
多发点,dfasd,dafs
多发点,dfasd,dafs
多发点,dfasd,dafs
多发点,dfasd,dafs
多发点,dfasd,dafs
多发点,dfasd,dafs
多发点,dfasd,dafs
多发点,dfasd,dafs
多发点,dfasd,dafs
多发点,dfasd,dafs
多发点,dfasd,dafs
多发点,dfasd,dafs
多发点,dfasd,dafs
多发点,dfasd,dafs
多发点,dfasd,dafs
多发点,dfasd,dafs
多发点,dfasd,dafs
多发点,dfasd,dafs
多发点,dfasd,dafs
多发点,dfasd,dafs
多发点,dfasd,dafs
多发点,dfasd,dafs
多发点,dfasd,dafs
多发点,dfasd,dafs
多发点,dfasd,dafs
多发点,dfasd,dafs
多发点,dfasd,dafs
多发点,dfasd,dafs
多发点,dfasd,dafs
多发点,dfasd,dafs
多发点,dfasd,dafs
多发点,dfasd,dafs
多发点,dfasd,dafs
多发点,dfasd,dafs
多发点,dfasd,dafs
多发点,dfasd,dafs
多发点,dfasd,dafs
多发点,dfasd,dafs
多发点,dfasd,dafs
多发点,dfasd,dafs
多发点,dfasd,dafs
多发点,dfasd,dafs
多发点,dfasd,dafs
多发点,dfasd,dafs
多发点,dfasd,dafs
多发点,dfasd,dafs
多发点,dfasd,dafs
多发点,dfasd,dafs
多发点,dfasd,dafs
多发点,dfasd,dafs
多发点,dfasd,dafs
多发点,dfasd,dafs
多发点,dfasd,dafs
多发点,dfasd,dafs
多发点,dfasd,dafs
多发点,dfasd,dafs
多发点,dfasd,dafs
多发点,dfasd,dafs
多发点,dfasd,dafs
多发点,dfasd,dafs
多发点,dfasd,dafs
多发点,dfasd,dafs
多发点,dfasd,dafs
多发点,dfasd,dafs
多发点,dfasd,dafs
多发点,dfasd,dafs
多发点,dfasd,dafs
多发点,dfasd,dafs
多发点,dfasd,dafs
多发点,dfasd,dafs
werwe,"dfasdf 0A22
      ",dadsfa 
多发点,dfasd,dafs
多发点,dfasd,dafs
多发点,dfasd,dafs
多发点,dfasd,dafs
多发点,dfasd,dafs
多发点,dfasd,dafs
多发点,dfasd,dafs
多发点,dfasd,dafs
多发点,dfasd,dafs
多发点,dfasd,dafs
多发点,dfasd,dafs
多发点,dfasd,dafs
多发点,dfasd,dafs
多发点,dfasd,dafs
多发点,dfasd,dafs
多发点,dfasd,dafs
多发点,dfasd,dafs
多发点,dfasd,dafs
多发点,dfasd,dafs
